{
  "const":6.81655328087302,
  "x_1":2.07557042933268,
  "x_2":-3.16251539824545,
  "x_3":1.67889309278632,
  "x_4":0.526315190544784,
  "t_1":2.22198784018738
}
